Order - Number,Ship To - City,Ship To - Postal Code,Ship To - State
238839,SHERMAN OAKS,91403-5048,CA
238811,PLEASANT GROVE,84062-9402,UT
238989,IRA,79527-2012,TX
238880,CLERMONT,30527-1911,GA
239485,FURLONG,18925-2110,PA
239484,Rosendale,12472,NY
239482,ELLENTON,34222-7256,FL
239481,CHARLOTTE,28226-8900,NC
239480,LAGRANGEVILLE,12540-5938,NY
239479,NASHVILLE,37216-1110,TN
239476,NORTH PLAINFIELD,07062-2323,NJ
239474,RUSKIN,33570-3004,FL
239473,VANCEBORO,28586-9130,NC
239471,MUKWONAGO,53149-9740,WI
239469,BELFORD,07718-1228,NJ
239468,WARRENTON,20187-9312,VA
239467,JENSEN BEACH,34957-4640,FL
239465,SARATOGA SPRINGS,12866-3523,NY
239464,CAIRO,39827-5627,GA
239463,KALAMAZOO,49006-4467,MI
239462,MT JULIET,37122-6524,TN
239461,MARYVILLE,37801-2968,TN
239460,MORRIS,60450-6401,IL
239458,RICHMOND,23233-2032,VA
239454,CRESTON,28615-8914,NC
239453,BALTIMORE,21224-4938,MD
239452,PANAMA CITY,32405-0411,FL
239451,AUSTIN,78758-5022,TX
239448,SALEM,24153-5313,VA
239446,STERLING,20165-6242,VA
240089,PORT WASHINGTON,11050-3932,NY
240088,el cerrito,94530,CA
240082,SANTA ANA,92705-3410,CA
240078,PORTLAND,97206-1327,OR
240074,BENBROOK,76126-4267,TX
240072,NEW YORK,10031-3306,NY
240063,VISTA,92083-4721,CA
240062,HARMONY,02829-1101,RI
240059,CAMPBELL,95008-2861,CA
240058,SUGAR LAND,77478-4298,TX
240053,TELLURIDE,81435-9104,CO
240051,Sun Valley,83353,ID
240050,EL CAJON,92020-8238,CA
240049,GRAND JCT,81507-9718,CO
240045,BERKELEY,94705-1832,CA
240043,ESCONDIDO,92025-6227,CA
240042,PLACENTIA,92870-6002,CA
240040,REDONDO BEACH,90278-4425,CA
240030,TAYLOR,76574-7049,TX
240027,WALTON,67151-8856,KS
240026,NASHVILLE,37209-1959,TN
240025,SEATTLE,98125-4946,WA
240024,NEWPORT,03773-1221,NH
240023,LAVEEN,85339-7205,AZ
240022,EUSTIS,32726-5713,FL
240021,ATLANTA,30318-2010,GA
240020,SPRINGFIELD,62701-1110,IL
240019,SURF CITY,08008-5365,NJ
240018,CHARLOTTE,28227-8775,NC
240017,INDIANAPOLIS,46259-9622,IN
240015,NEW LONDON,44851-9051,OH
240014,PIGGOTT,72454-1210,AR
240013,HOUSTON,77056-1220,TX
240012,LUSBY,20657-4231,MD
240011,PELHAM,10803-2935,NY
240010,JOELTON,37080-4892,TN
240009,ORELAND,19075-1932,PA
240008,DE PERE,54115-8062,WI
240007,SEATTLE,98112-4870,WA
240006,FULTON,20759-2548,MD
240005,ALPHA,08865-4716,NJ
240004,LOS ANGELES,90039-3106,CA
240002,LOS RANCHOS,87107-5558,NM
240001,FORT LAUDERDALE,33301-2740,FL
240000,JOHNSON CITY,37615-3854,TN
239999,MIDLOTHIAN,23112-1912,VA
239998,BROOKSVILLE,34604-1490,FL
239997,HARTSVILLE,37074-3845,TN
239996,LEONARDO,07737-1511,NJ
239995,SYLVANIA,43560-1336,OH
239994,EAST ROCHESTER,14445-2212,NY
239991,EVERETT,98203-3466,WA
239990,Glens Falls,12801,NY
239989,CINCINNATI,45238-5232,OH
239988,FARMERSVILLE,75442-7990,TX
239987,CLEARWATER,33767-2964,FL
239986,GRANITEVILLE,29829-6067,SC
239985,UNCASVILLE,06382-2300,CT
239984,DURHAM,27713-7278,NC
239983,CRAWFORDVILLE,32327-3640,FL
239982,PLYMOUTH,02360-3595,MA
239981,TAMPA,33635-9720,FL
239980,NEW YORK,10025-7278,NY
239979,ROCKLEDGE,32955-3922,FL
239978,WATERTOWN,37184-4702,TN
239977,TOANO,23168-9376,VA
239976,SAVANNAH,38372-6571,TN
239975,MASON,45040-9313,OH
239974,OAKLAND,94606-1527,CA
239973,PARADISE,95969-2925,CA
239972,ASHEVILLE,28806-4624,NC
239971,PINE,80470-7514,CO
239970,GOODLETTSVILLE,37072-1821,TN
239969,FREMONT,43420-9601,OH
239968,ISLAND HEIGHTS,08732-7851,NJ
239967,CLIVE,50325-6637,IA
239966,CARLSBAD,92010-2827,CA
239965,CLARKSVILLE,37042-3071,TN
239964,NASHVILLE,37214-1524,TN
239963,ORLANDO,32807-1316,FL
239962,EXTON,19341-2355,PA
239961,MINERAL BLUFF,30559-7810,GA
239960,PASADENA,91103-3097,CA
239959,YUKON,73099-7517,OK
239958,MILLSBORO,19966-7083,DE
239957,HURST,76054-2601,TX
239956,FORT POLK,71459-3685,LA
239955,RIVERSIDE,92506-4731,CA
239953,CANANDAIGUA,14424-9113,NY
239952,REMLAP,35133-4052,AL
239951,Nashville,37216,TN
239950,GREENWICH,06831-5138,CT
239949,GREENWICH,06831-5138,CT
239948,GREENWICH,06831-5138,CT
239947,AUSTIN,78737-2842,TX
239946,PRATTVILLE,36067-2013,AL
239945,LODI,53555,WI
239944,St. Louis,63110,MO
239942,NANTUCKET,02554-2860,MA
239941,SHOREVIEW,55126-4131,MN
239940,LITTLE SILVER,07739-1304,NJ
239939,Greenwich,6807,CT
239938,ROCHESTER,14612-3374,NY
239937,AMARILLO,79109-3403,TX
239936,OCALA,34480-5904,FL
239935,LAS VEGAS,89128-6882,NV
239934,RALEIGH,27612-2966,NC
239933,MONTGOMERY,36117-6005,AL
239932,BLUE RIDGE,24064-3184,VA
239930,GRAND ISLAND,68801-7446,NE
239928,BRIDGEWATER,02324-2232,MA
239927,ESCONDIDO,92026-6649,CA
239926,PORTOLA VALLEY,94028-7941,CA
239925,HOUSTON,77035-6300,TX
239924,MINNEAPOLIS,55417-1616,MN
239923,BRICK,08723-6957,NJ
239922,ALSIP,60803-1085,IL
239921,DIAMOND BAR,91765-3752,CA
239920,MYRTLE BEACH,29588-5203,SC
239919,SAINT CLOUD,56303-4661,MN
239918,GRAND RAPIDS,49508-2632,MI
239917,GROVE,74344-0442,OK
239916,HATBORO,19040-4013,PA
239915,LONG BEACH TOWNSHIP,08008-1212,NJ
239914,KENT,98030-7226,WA
239913,CHICAGO,60647-0957,IL
239912,TUTTLE,73089-9136,OK
239911,Alexandria,22304,VA
239910,FRANKLIN,37064-1842,TN
239909,CHESTERFIELD,63017-7709,MO
239907,VALENCIA,16059-1702,PA
239906,COAL VALLEY,61240-9535,IL
239905,OGDENSBURG,13669-3128,NY
239904,WINFIELD,60190-1136,IL
239903,TULSA,74114-5601,OK
239902,CHICO,95926-2404,CA
239901,NASH,75569-3041,TX
239900,MEMPHIS,38119-6727,TN
239899,SAN JOSE,95129-3128,CA
239898,MT JULIET,37122-5037,TN
239897,WESTLAKE VILLAGE,91361-5562,CA
239895,CITRONELLE,36522-2486,AL
239892,WALDORF,20601-2333,MD
239891,LINCOLN,65338-2657,MO
239889,ELKINS PARK,19027-2119,PA
239888,MONTEZUMA,31063-5902,GA
239887,BUNNELL,32110-5679,FL
239885,PALM HARBOR,34684-1502,FL
239883,OCALA,34481-7894,FL
239882,RIVER FOREST,60305-2015,IL
239881,MARTIN,38237-2308,TN
239880,MOUNTAIN BRK,35213-2913,AL
239879,RAPIDAN,22733-2104,VA
239877,NORTH CHESTERFIELD,23235-6115,VA
239876,ROCK HILL,29730-7145,SC
239875,JAMESTOWN,45335-1629,OH
239874,ATHENS,12015-5305,NY
239873,PARMA,44130-2129,OH
239872,ATHENS,12015-5305,NY
239870,EAST SETAUKET,11733-2200,NY
239869,LIGHTHOUSE POINT,33064-7227,FL
239868,HOBOKEN,07030-6868,NJ
239867,ROCHESTER,14621-4027,NY
239866,HARRISON TOWNSHIP,48045-2238,MI
239865,WILMINGTON,19807-2124,DE
239864,HILLSBORO,37342-3088,TN
239860,CHICAGO,60647-7756,IL
239859,KENNETT SQUARE,19348-4700,PA
239857,SMITHFIELD,23430-5859,VA
239856,COATESVILLE,19320-5717,PA
239853,COLUMBIA,21045-2570,MD
239852,CHICAGO,60634-3746,IL
239850,HUNTSVILLE,35802-4355,AL
239849,NORTH RIDGEVILLE,44039-8951,OH
239845,HIGHLAND PARK,60035-3598,IL
239844,CHAMPLIN,55316-1337,MN
239843,BARNHART,63012-2803,MO
239841,BELLEVILLE,62226-6319,IL
239840,PUNTA GORDA,33983-5818,FL
239838,ORLANDO,32804-5210,FL
239837,APEX,27502-9044,NC
239836,ROCKLEDGE,32955-5372,FL
239835,FORT LAUDERDALE,33301-2740,FL
239834,JACKSONVILLE,32277-1431,FL
239833,LOUISVILLE,40207-5704,KY
239832,NASHVILLE,37220-2321,TN
239830,Montgomery,45242,OH
239828,JACKSONVILLE,32225-6834,FL
239827,RINEYVILLE,40162-8606,KY
239826,GREER,29651-1604,SC
239825,MARIETTA,30066-4582,GA
239823,MADISON,37115-2542,TN
239821,NOBLESVILLE,46060-2928,IN
239817,WEBBERVILLE,48892-9272,MI
239816,CABOT,72023-8314,AR
239814,HERMITAGE,37076-1007,TN
239813,BECKLEY,25801-2731,WV
239812,BRENTWOOD,37027-5431,TN
239811,GAINESVILLE,30504-3960,GA
239807,Yorkville,13495,NY
239806,OLD BRIDGE,08857-1125,NJ
239805,HILLIARD,43026-8285,OH
239804,VERO BEACH,32963-3052,FL
239803,FERNANDINA BEACH,32034-4396,FL
239802,INDIANAPOLIS,46221-3733,IN
239801,LAKE WORTH,33467-1963,FL
239800,BLUEFIELD,24701-4440,WV
239799,MELBOURNE,32940-1114,FL
239798,Eddyville,42038,KY
239795,PORTLAND,37148-5371,TN
239794,RINGGOLD,30736-7854,GA
239793,SAINT PAUL,55105-2121,MN
239792,GROVETOWN,30813-4424,GA
239791,DEXTER,63841-8947,MO
239790,DEBARY,32713-2879,FL
239789,Murfreesboro,37129,TN
239788,TULLAHOMA,37388-4914,TN
239787,NAPLES,34119-4761,FL
239786,HIXSON,37343-2925,TN
239785,LEESBURG,20176-4955,VA
239783,NASHVILLE,37208-2436,TN
239782,LAKE SAINT LOUIS,63367-4373,MO
239780,MECHANICSBURG,17050-7816,PA
239779,WEST CHESTER,45069-1957,OH
239776,FRANKLIN,37069-5128,TN
239775,WARRENTON,20186-7423,VA
239774,COLUMBIA,29206-1615,SC
239772,MOORESTOWN,08057-2272,NJ
239771,NASHVILLE,37211-2552,TN
239769,FENTON,48430-9041,MI
239767,LIVONIA,48154-2754,MI
239766,BOCA RATON,33433-8534,FL
239762,FISHERS,46037-3902,IN
239761,CEDAR HILL,37032-5524,TN
239758,DELANSON,12053-2142,NY
239757,PITTSBURGH,15238-2419,PA
239756,JEFFERSON CITY,37760-4111,TN
239755,OWENS CROSS ROADS,35763-9321,AL
239754,CENTER VALLEY,18034-8706,PA
239751,INDIANAPOLIS,46256-4653,IN
239750,BLOOMINGDALE,60108-3004,IL
239749,MILLERSVILLE,21108-1842,MD
239748,MAURERTOWN,22644-2106,VA
239747,CHICAGO,60614-4804,IL
239746,HOLIDAY,34691-6759,FL
239743,STOW,44224,OH
239741,ANNAPOLIS,21401-3325,MD
239739,FREDERICK,21704-7357,MD
239738,FRANKLIN,45005-2612,OH
239737,ABINGDON,24210-8514,VA
239736,SMYRNA,37167-8708,TN
239735,BROWNSTOWN,48173-8777,MI
239733,LOUISVILLE,40229-2028,KY
239730,MOUNT HOLLY,28120-9526,NC
239728,SOMERSET,42503-9571,KY
239727,HARRISBURG,28075-9441,NC
239726,DACULA,30019-3812,GA
239725,PARK FOREST,60466-2094,IL
239723,SAINT JOHNS,32259-8223,FL
239720,COMBINED LOCKS,54113-1278,WI
239717,LIBERTY TWP,45011-1374,OH
239716,LAWTON,73501-2411,OK
239713,FOREST LAKE,55025-9414,MN
239712,GLEN ALLEN,23060-3223,VA
239708,EAST HAMPTON,11937-3924,NY
239706,LEWISBURG,37091-6528,TN
239701,GEORGETOWN,40324-8053,KY
239700,NASHVILLE,37205-2672,TN
239696,WOODSTOCK,30188-4110,GA
239695,GLENARDEN,20706-1579,MD
239694,CLARKSVILLE,37042-5359,TN
239692,EAST LANSING,48823-4006,MI
239689,KINGS PARK,11754-2315,NY
239688,ASHLAND CITY,37015-4715,TN
239684,HERNDON,20171-2144,VA
239683,OVERLAND PARK,66223-2116,KS
239681,OVERLAND PARK,66223-2116,KS
239678,GENEVA,60134-1903,IL
239677,GONZALES,70737-8589,LA
239676,MARGATE,33063-1523,FL
239674,GOODRICH,48438-9764,MI
239671,PERKASIE,18944-3321,PA
239670,COLLEGE GROVE,37046-1494,TN
239669,YOUNGSTOWN,44514-2870,OH
239666,BEACH LAKE,18405-3075,PA
239665,DUNCANNON,17020-9543,PA
239662,SANTA ROSA BEACH,32459-6370,FL
239656,ATLANTA,30327-2437,GA
239655,MURFREESBORO,37129-4215,TN
239654,VILLA GROVE,61956-1426,IL
239653,NASHVILLE,37211-2433,TN
239652,COLUMBIA,21044-3915,MD
239651,OSWEGO,13126-3601,NY
239650,BAYVILLE,08721-3239,NJ
239649,WILTON MANORS,33334-4438,FL
239646,CHATTANOOGA,37421-3919,TN
239643,BILOXI,39531-3214,MS
239642,SOUTH RICHMOND HILL,11419-1214,NY
239638,SALISBURY,21801-2385,MD
239636,GOODLETTSVILLE,37072-1334,TN
239635,JOLIET,60435-4133,IL
239634,GLASCO,12432-8514,NY
239633,HILLSBOROUGH,08844-3317,NJ
239632,BELINGTON,26250-8000,WV
239630,COLUMBUS,43213-2675,OH
239629,ERIE,16511-1247,PA
239628,FALL CREEK,54742-9749,WI
239626,PITTSBURGH,15221-5314,PA
239625,MIDDLEBURG,20117-3727,VA
239624,LEESBURG,20175-7515,VA
239623,LEROY,49655-8160,MI
239622,LEXINGTON PARK,20653-2277,MD
239621,CLAYTON,13624-1178,NY
239620,PORT SAINT LUCIE,34953-6035,FL
239618,PONCHATOULA,70454-4641,LA
239615,PONCHATOULA,70454-4641,LA
239613,NASHVILLE,37215-4426,TN
239610,WALLED LAKE,48390-3604,MI
239604,AUGUSTA,30904-6134,GA
239602,HOWELL,48843-7936,MI
239600,JUPITER,33458-5574,FL
239599,NEPTUNE,07753-4115,NJ
239598,ST CHARLES,60175-0001,IL
239596,DANSVILLE,14437-1041,NY
239593,POOLER,31322-4038,GA
239592,NEWARK,07107-3548,NJ
239591,LEBANON,37087-1532,TN
239590,ROCK FALLS,61071-1555,IL
239589,JASPER,30143-2490,GA
239584,GALLOWAY,43119-8287,OH
239583,DOWNERS GROVE,60515-1352,IL
239582,HENRICO,23233-7818,VA
239580,AUSTIN,78722-2237,TX
239579,DREXEL HILL,19026-4913,PA
239577,GOODLETTSVILLE,37072-4117,TN
239576,WEST OLIVE,49460-9642,MI
239575,FARMINGTON,55024-7312,MN
239573,SALINE,48176-1670,MI
239572,OLD WESTBURY,11568-1308,NY
239571,HALLS,38040-7742,TN
239570,EAST AURORA,14052-9443,NY
239569,MAINEVILLE,45039-6207,OH
239567,OCOEE,34761-4717,FL
239566,DOYLESTOWN,44230-9717,OH
239565,NASHVILLE,37207-5734,TN
239563,ELGIN,60123-6919,IL
239562,FAIRVIEW,28730-9533,NC
239561,STOW,44224-1415,OH
239560,MOUNT DORA,32757-6124,FL
239558,HOFFMAN ESTATES,60169-1206,IL
239556,EASTPORT,11941-1337,NY
239555,STUART,34997-6203,FL
239554,MOUNT PLEASANT,29466-7582,SC
239552,CHICAGO,60616-4039,IL
239551,DANIA,33004-3941,FL
239549,CORBIN,40701-7915,KY
239548,HINESVILLE,31313-5722,GA
239547,FLOWERY BRANCH,30542-7403,GA
239546,DOVER,37058-3625,TN
239543,BUFORD,30519-3819,GA
239542,NASHVILLE,37211-8656,TN
239541,SAINT LOUIS,63115-2508,MO
239536,THE VILLAGES,32163-5617,FL
239534,SUNRISE,33322-3931,FL
239533,HOOKER,73945-1671,OK
239532,GRAHAMSVILLE,12740-5913,NY
239531,MORTON,61550-1186,IL
239530,FREDERICK,21702-6804,MD
239528,ORCHARD PARK,14127-2958,NY
239526,LOCUST,28097-4513,NC
239525,STAMFORD,12167-1183,NY
239523,MAPLE GROVE,55369-7527,MN
239521,NASHVILLE,37215-1601,TN
239520,NASHVILLE,37221-3119,TN
239519,DAVIDSON,28036-9106,NC
239518,GREENSBORO,27410-9599,NC
239517,CHANTILLY,20151-2442,VA
239516,CUMMING,30028-2264,GA
239515,Nashville,37216,TN
239514,OCOEE,34761-5300,FL
239513,HACKENSACK,07601-1134,NJ
239510,NASHVILLE,37205-4425,TN
239508,MURRELLS INLET,29576-9104,SC
239507,CHEVY CHASE,20815-5027,MD
239505,FAYETTEVILLE,72704-8513,AR
239504,MT JULIET,37122-3723,TN
239503,TALLAHASSEE,32312-4097,FL
239502,CHARLOTTE,28208-5286,NC
239501,TEQUESTA,33469-3006,FL
239500,LOUISVILLE,40205-1856,KY
239499,VICKSBURG,39180-8266,MS
239498,BECKLEY,25801-2731,WV
239497,NASHVILLE,37216-2801,TN
239494,SEWICKLEY,15143-1011,PA
239492,EATONTON,31024-5942,GA
239489,MORRISTOWN,07960-5213,NJ
239488,EVELETH,55734-1172,MN
239487,MANASSAS,20109-4805,VA
240219,QUANAH,79252-4418,TX
240215,NEWTON CENTER,02459-2440,MA
240212,BERLIN,06037-3113,CT
240208,TEWKSBURY,01876-1040,MA
240202,FRANKLIN,02038-1239,MA
240201,SOUTH DENNIS,02660-3009,MA
240197,NEWTON,02458-1012,MA
240196,CRANSTON,02921-7508,RI
240192,LA JOLLA,92037-3222,CA
240189,BERLIN,03570-3720,NH
240184,BROOKLYN,11209-2611,NY
240180,HAWTHORNE,90250-6629,CA
240179,DALLAS,75214-2706,TX
240176,MOORPARK,93021-2718,CA
240170,HOUSTON,77084-6797,TX
240169,DANBURY,06811-2823,CT
240168,VANCOUVER,98682-6966,WA
240158,RIDGECREST,93555-3051,CA
240154,BROOKLYN,11226-2096,NY
240152,KIRKLAND,98034-2703,WA
240148,BROOKLYN,11215-5701,NY
240142,BROOKLYN,11230-4334,NY
240138,SHELTON,06484-2159,CT
240137,LOMA,81524-9428,CO
240133,NEWTON CENTRE,02459-2122,MA
240131,CORINTH,76208-4823,TX
240130,RAMONA,92065-4137,CA
240129,PARKER,80134-3143,CO
240126,KINGWOOD,77345-2088,TX
240124,YUCCA VALLEY,92284-9106,CA
240122,WEST JORDAN,84081-3363,UT
240112,ALBUQUERQUE,87114-1724,NM
240111,BUTTE,59701-3936,MT
240109,WEST ROXBURY,02132-5732,MA
240108,SURPRISE,85374-5402,AZ
240106,SAN FRANCISCO,94115-2213,CA
240103,DALLAS,75225-4841,TX
240095,TORRANCE,90505-6810,CA
240091,KATY,77494-3537,TX
240324,CAPITOLA,95010-2840,CA
240323,GURNEE,60031-2539,IL
240315,BEDFORD,01730-1298,MA
240313,SHERBORN,01770-1626,MA
240308,RIDGEFIELD,06877-5013,CT
240303,SULTAN,98294-9748,WA
240293,DULUTH,30097-2816,GA
240292,BOISE,83704-8970,ID
240291,ASPEN,81611-1065,CO
240290,CHICAGO,60611-1173,IL
240289,WESTBROOK,04092-4251,ME
240285,BROOKFIELD,06804-3120,CT
240280,NEW YORK,10021-2625,NY
240274,ONTARIO,97914-8187,OR
240272,BROOKLYN,11222-4742,NY
240269,OAKLAND,94605-2231,CA
240265,NEWBURGH,12550-3136,NY
240263,NEWPORT BEACH,92663-1850,CA
240261,PORT WASHINGTON,11050-1622,NY
240258,LONDONDERRY,03053-4074,NH
240254,TUSTIN,92782-8023,CA
240251,NORWALK,06853-1108,CT
240247,MERCER ISLAND,98040-4605,WA
240242,AURORA,80012-4747,CO
240240,SAN FRANCISCO,94109-1514,CA
240238,TAYLORSVILLE,84129-1105,UT
240237,BROOKLYN,11233-3119,NY
240235,BROOKLYN,11235-2505,NY
240230,CHARLTON,01507-6504,MA
240226,OLYMPIC VALLEY,96146-9776,CA
240225,WRENTHAM,02093-1832,MA
240224,NORTH HOLLYWOOD,91601-5431,CA
240222,MISSION VIEJO,92691-4764,CA